<hibernate-configuration>
    <session-factory>
        <property name="hibernate.connection.driver_class">com.mysql.cj.jdbc.Driver</property>
        <property name="hibernate.connection.url">jdbc:mysql://localhost:3308/acda_ut3_examen</property>
        <property name="hibernate.connection.username">root</property>
        <property name="hibernate.connection.password">root</property>
        <property name="hibernate.dialect">org.hibernate.dialect.MySQLDialect</property>
        <property name="hibernate.hbm2ddl.auto">update</property>
        <property name="hibernate.show_sql">false</property>
        <property name="hibernate.format_sql">true</property>

        <mapping class="model.Equipo"/>
        <mapping class="model.Jugador"/>
        <mapping class="model.Participa"/>
        <mapping class="model.Partida"/>
        <mapping class="model.Torneo"/>
    </session-factory>
</hibernate-configuration>
